{
  "SPY": {
    "model_name": "LSTM",
    "file": "SPY_LSTM_cls.pt",
    "scaler_mean": [
      0.0004303295600716273,
      0.0008725256865972901,
      0.0019568674927353618,
      0.0042619204042883725,
      1.0083105185183,
      0.570987486264454,
      0.13179853477278866,
      0.004655475992916653,
      16.937918733205,
      1.5572460496613996
    ],
    "scaler_scale": [
      0.00940554960562663,
      0.009993476911560755,
      0.014552885165895379,
      0.020064234247697696,
      0.34650393281828956,
      0.16299855863558046,
      0.06973083261082286,
      0.026070654402237742,
      5.868059484605551,
      0.7063549651207675
    ],
    "feature_cols": [
      "log_ret",
      "ma_5_ratio",
      "ma_10_ratio",
      "ma_20_ratio",
      "vol_norm",
      "rsi_norm",
      "realized_vol",
      "momentum_10",
      "VIX",
      "SPREAD"
    ],
    "n_features": 10,
    "win_seq": 30,
    "win_mlp": 5,
    "hidden": 64,
    "n_layers": 2,
    "dropout": 0.2,
    "n_heads": 4,
    "test_dir_accuracy": 0.5194,
    "test_sharpe": 0.4652,
    "test_max_dd": -0.2622,
    "train_period": "2010-2018",
    "test_period": "2021-2023"
  },
  "QQQ": {
    "model_name": "Transformer",
    "file": "QQQ_Transformer_cls.pt",
    "scaler_mean": [
      0.0005778077310285367,
      0.0011728920544421346,
      0.002636439876105304,
      0.00572066970647303,
      1.0094554289299962,
      0.5743767881056313,
      0.15738449281639597,
      0.006284150226626933,
      16.937918733205,
      1.5572460496613996
    ],
    "scaler_scale": [
      0.010954125086726406,
      0.011769911268956483,
      0.017231565794399696,
      0.023564326544673695,
      0.37474407951317473,
      0.1681495093937893,
      0.07285145277908577,
      0.030889393683888093,
      5.868059484605551,
      0.7063549651207675
    ],
    "feature_cols": [
      "log_ret",
      "ma_5_ratio",
      "ma_10_ratio",
      "ma_20_ratio",
      "vol_norm",
      "rsi_norm",
      "realized_vol",
      "momentum_10",
      "VIX",
      "SPREAD"
    ],
    "n_features": 10,
    "win_seq": 30,
    "win_mlp": 5,
    "hidden": 64,
    "n_layers": 2,
    "dropout": 0.2,
    "n_heads": 4,
    "test_dir_accuracy": 0.5249,
    "test_sharpe": 0.3256,
    "test_max_dd": -0.385,
    "train_period": "2010-2018",
    "test_period": "2021-2023"
  },
  "GLD": {
    "model_name": "GRU",
    "file": "GLD_GRU_cls.pt",
    "scaler_mean": [
      5.0742892536375424e-05,
      0.00011825362071904734,
      0.0002565884928862163,
      0.0005031452077321903,
      1.0073546134933604,
      0.5067184934561086,
      0.147009633341833,
      0.0008665642921407982,
      16.937918733205,
      1.5572460496613996
    ],
    "scaler_scale": [
      0.009977174389004086,
      0.01068284503783994,
      0.01649556801018302,
      0.024208915334432705,
      0.45477601997090955,
      0.17934842154286604,
      0.059653686188696424,
      0.031042306721369935,
      5.868059484605551,
      0.7063549651207675
    ],
    "feature_cols": [
      "log_ret",
      "ma_5_ratio",
      "ma_10_ratio",
      "ma_20_ratio",
      "vol_norm",
      "rsi_norm",
      "realized_vol",
      "momentum_10",
      "VIX",
      "SPREAD"
    ],
    "n_features": 10,
    "win_seq": 30,
    "win_mlp": 5,
    "hidden": 64,
    "n_layers": 2,
    "dropout": 0.2,
    "n_heads": 4,
    "test_dir_accuracy": 0.5249,
    "test_sharpe": 0.8678,
    "test_max_dd": -0.2186,
    "train_period": "2010-2018",
    "test_period": "2021-2023"
  },
  "IEF": {
    "model_name": "RNN",
    "file": "IEF_RNN_cls.pt",
    "scaler_mean": [
      0.0001496844049238885,
      0.00029858653956191873,
      0.0006676761431147339,
      0.00139303030347524,
      1.0122385891793202,
      0.5240569171243329,
      0.057361158918231875,
      0.0015153454932695905,
      16.937918733205,
      1.5572460496613996
    ],
    "scaler_scale": [
      0.0038035253083168567,
      0.0040101013860455205,
      0.006092285833149064,
      0.008875181171456628,
      0.776410563401929,
      0.15534770217590052,
      0.019273170380625034,
      0.01124834593539581,
      5.868059484605551,
      0.7063549651207675
    ],
    "feature_cols": [
      "log_ret",
      "ma_5_ratio",
      "ma_10_ratio",
      "ma_20_ratio",
      "vol_norm",
      "rsi_norm",
      "realized_vol",
      "momentum_10",
      "VIX",
      "SPREAD"
    ],
    "n_features": 10,
    "win_seq": 30,
    "win_mlp": 5,
    "hidden": 64,
    "n_layers": 2,
    "dropout": 0.2,
    "n_heads": 4,
    "test_dir_accuracy": 0.4986,
    "test_sharpe": 0.316,
    "test_max_dd": -0.1818,
    "train_period": "2010-2018",
    "test_period": "2021-2023"
  },
  "DBC": {
    "model_name": "MLP",
    "file": "DBC_MLP_cls.pt",
    "scaler_mean": [
      -0.00020745414373211847,
      -0.00040194263266157945,
      -0.000893795493128983,
      -0.0018013671154176838,
      1.0119193290166224,
      0.4959762158358282,
      0.14851160323115942,
      -0.001590766668117924,
      16.937918733205,
      1.5572460496613996
    ],
    "scaler_scale": [
      0.009949524548561838,
      0.010807446149961077,
      0.016920834791024516,
      0.02522139647512805,
      0.6745075896190883,
      0.18245365232810726,
      0.05255405684080836,
      0.03202413247232405,
      5.868059484605551,
      0.7063549651207675
    ],
    "feature_cols": [
      "log_ret",
      "ma_5_ratio",
      "ma_10_ratio",
      "ma_20_ratio",
      "vol_norm",
      "rsi_norm",
      "realized_vol",
      "momentum_10",
      "VIX",
      "SPREAD"
    ],
    "n_features": 10,
    "win_seq": 30,
    "win_mlp": 5,
    "hidden": 64,
    "n_layers": 2,
    "dropout": 0.2,
    "n_heads": 4,
    "test_dir_accuracy": 0.51,
    "test_sharpe": -0.4259,
    "test_max_dd": -0.4524,
    "train_period": "2010-2018",
    "test_period": "2021-2023"
  }
}